{
  "header_types" : [
    {
      "name" : "scalars_0",
      "id" : 0,
      "fields" : [
        ["key_0", 1, false],
        ["userMetadata._int_meta_report0", 1, false],
        ["userMetadata._compute_checksum1", 1, false],
        ["_padding_0", 5, false]
      ]
    },
    {
      "name" : "standard_metadata",
      "id" : 1,
      "fields" : [
        ["ingress_port", 9, false],
        ["egress_spec", 9, false],
        ["egress_port", 9, false],
        ["instance_type", 32, false],
        ["packet_length", 32, false],
        ["enq_timestamp", 32, false],
        ["enq_qdepth", 19, false],
        ["deq_timedelta", 32, false],
        ["deq_qdepth", 19, false],
        ["ingress_global_timestamp", 48, false],
        ["egress_global_timestamp", 48, false],
        ["mcast_grp", 16, false],
        ["egress_rid", 16, false],
        ["checksum_error", 1, false],
        ["parser_error", 32, false],
        ["priority", 3, false],
        ["_padding", 3, false]
      ]
    },
    {
      "name" : "ethernet_t",
      "id" : 2,
      "fields" : [
        ["dst_addr", 48, false],
        ["src_addr", 48, false],
        ["ether_type", 16, false]
      ]
    },
    {
      "name" : "ipv4_t",
      "id" : 3,
      "fields" : [
        ["version", 4, false],
        ["ihl", 4, false],
        ["dscp", 6, false],
        ["ecn", 2, false],
        ["len", 16, false],
        ["identification", 16, false],
        ["flags", 3, false],
        ["frag_offset", 13, false],
        ["ttl", 8, false],
        ["protocol", 8, false],
        ["hdr_checksum", 16, false],
        ["src_addr", 32, false],
        ["dst_addr", 32, false]
      ]
    },
    {
      "name" : "udp_t",
      "id" : 4,
      "fields" : [
        ["src_port", 16, false],
        ["dst_port", 16, false],
        ["length_", 16, false],
        ["checksum", 16, false]
      ]
    },
    {
      "name" : "report_fixed_header_t",
      "id" : 5,
      "fields" : [
        ["ver", 4, false],
        ["len", 4, false],
        ["nproto", 3, false],
        ["rep_md_bits", 6, false],
        ["d", 1, false],
        ["q", 1, false],
        ["f", 1, false],
        ["rsvd", 6, false],
        ["hw_id", 6, false],
        ["sw_id", 32, false],
        ["seq_no", 32, false],
        ["ingress_tstamp", 32, false],
        ["engress_tstamp", 32, false]
      ]
    },
    {
      "name" : "gtp_header_t",
      "id" : 6,
      "fields" : [
        ["ver", 3, false],
        ["pt", 1, false],
        ["rsvd", 1, false],
        ["e", 1, false],
        ["s", 1, false],
        ["pn", 1, false],
        ["msgtype", 8, false],
        ["total_len", 16, false],
        ["teid", 32, false]
      ]
    }
  ],
  "headers" : [
    {
      "name" : "scalars",
      "id" : 0,
      "header_type" : "scalars_0",
      "metadata" : true,
      "pi_omit" : true
    },
    {
      "name" : "standard_metadata",
      "id" : 1,
      "header_type" : "standard_metadata",
      "metadata" : true,
      "pi_omit" : true
    },
    {
      "name" : "report_ethernet",
      "id" : 2,
      "header_type" : "ethernet_t",
      "metadata" : false,
      "pi_omit" : true
    },
    {
      "name" : "report_ipv4",
      "id" : 3,
      "header_type" : "ipv4_t",
      "metadata" : false,
      "pi_omit" : true
    },
    {
      "name" : "report_udp",
      "id" : 4,
      "header_type" : "udp_t",
      "metadata" : false,
      "pi_omit" : true
    },
    {
      "name" : "report_fixed_header",
      "id" : 5,
      "header_type" : "report_fixed_header_t",
      "metadata" : false,
      "pi_omit" : true
    },
    {
      "name" : "ethernet",
      "id" : 6,
      "header_type" : "ethernet_t",
      "metadata" : false,
      "pi_omit" : true
    },
    {
      "name" : "ipv4",
      "id" : 7,
      "header_type" : "ipv4_t",
      "metadata" : false,
      "pi_omit" : true
    },
    {
      "name" : "udp",
      "id" : 8,
      "header_type" : "udp_t",
      "metadata" : false,
      "pi_omit" : true
    },
    {
      "name" : "gtp_header",
      "id" : 9,
      "header_type" : "gtp_header_t",
      "metadata" : false,
      "pi_omit" : true
    },
    {
      "name" : "internal_ipv4",
      "id" : 10,
      "header_type" : "ipv4_t",
      "metadata" : false,
      "pi_omit" : true
    },
    {
      "name" : "internal_udp",
      "id" : 11,
      "header_type" : "udp_t",
      "metadata" : false,
      "pi_omit" : true
    }
  ],
  "header_stacks" : [],
  "header_union_types" : [],
  "header_unions" : [],
  "header_union_stacks" : [],
  "field_lists" : [
    {
      "id" : 1,
      "name" : "fl",
      "source_info" : {
        "filename" : "main.p4",
        "line" : 39,
        "column" : 64,
        "source_fragment" : "standard_metadata"
      },
      "elements" : [
        {
          "type" : "field",
          "value" : ["standard_metadata", "ingress_port"]
        },
        {
          "type" : "field",
          "value" : ["standard_metadata", "egress_spec"]
        },
        {
          "type" : "field",
          "value" : ["standard_metadata", "egress_port"]
        },
        {
          "type" : "field",
          "value" : ["standard_metadata", "instance_type"]
        },
        {
          "type" : "field",
          "value" : ["standard_metadata", "packet_length"]
        },
        {
          "type" : "field",
          "value" : ["standard_metadata", "enq_timestamp"]
        },
        {
          "type" : "field",
          "value" : ["standard_metadata", "enq_qdepth"]
        },
        {
          "type" : "field",
          "value" : ["standard_metadata", "deq_timedelta"]
        },
        {
          "type" : "field",
          "value" : ["standard_metadata", "deq_qdepth"]
        },
        {
          "type" : "field",
          "value" : ["standard_metadata", "ingress_global_timestamp"]
        },
        {
          "type" : "field",
          "value" : ["standard_metadata", "egress_global_timestamp"]
        },
        {
          "type" : "field",
          "value" : ["standard_metadata", "mcast_grp"]
        },
        {
          "type" : "field",
          "value" : ["standard_metadata", "egress_rid"]
        },
        {
          "type" : "field",
          "value" : ["standard_metadata", "checksum_error"]
        },
        {
          "type" : "field",
          "value" : ["standard_metadata", "parser_error"]
        },
        {
          "type" : "field",
          "value" : ["standard_metadata", "priority"]
        }
      ]
    }
  ],
  "errors" : [
    ["NoError", 0],
    ["PacketTooShort", 1],
    ["NoMatch", 2],
    ["StackOutOfBounds", 3],
    ["HeaderTooShort", 4],
    ["ParserTimeout", 5],
    ["ParserInvalidArgument", 6]
  ],
  "enums" : [],
  "parsers" : [
    {
      "name" : "parser",
      "id" : 0,
      "init_state" : "start",
      "parse_states" : [
        {
          "name" : "start",
          "id" : 0,
          "parser_ops" : [
            {
              "parameters" : [
                {
                  "type" : "regular",
                  "value" : "ethernet"
                }
              ],
              "op" : "extract"
            }
          ],
          "transitions" : [
            {
              "type" : "hexstr",
              "value" : "0x0800",
              "mask" : null,
              "next_state" : "parse_ipv4"
            }
          ],
          "transition_key" : [
            {
              "type" : "field",
              "value" : ["ethernet", "ether_type"]
            }
          ]
        },
        {
          "name" : "parse_ipv4",
          "id" : 1,
          "parser_ops" : [
            {
              "parameters" : [
                {
                  "type" : "regular",
                  "value" : "ipv4"
                }
              ],
              "op" : "extract"
            }
          ],
          "transitions" : [
            {
              "type" : "hexstr",
              "value" : "0x11",
              "mask" : null,
              "next_state" : "parse_udp"
            }
          ],
          "transition_key" : [
            {
              "type" : "field",
              "value" : ["ipv4", "protocol"]
            }
          ]
        },
        {
          "name" : "parse_udp",
          "id" : 2,
          "parser_ops" : [
            {
              "parameters" : [
                {
                  "type" : "regular",
                  "value" : "udp"
                }
              ],
              "op" : "extract"
            }
          ],
          "transitions" : [
            {
              "type" : "hexstr",
              "value" : "0x0868",
              "mask" : null,
              "next_state" : "parse_gtp_header"
            },
            {
              "type" : "default",
              "value" : null,
              "mask" : null,
              "next_state" : null
            }
          ],
          "transition_key" : [
            {
              "type" : "field",
              "value" : ["udp", "dst_port"]
            }
          ]
        },
        {
          "name" : "parse_gtp_header",
          "id" : 3,
          "parser_ops" : [
            {
              "parameters" : [
                {
                  "type" : "regular",
                  "value" : "gtp_header"
                }
              ],
              "op" : "extract"
            },
            {
              "parameters" : [
                {
                  "type" : "regular",
                  "value" : "internal_ipv4"
                }
              ],
              "op" : "extract"
            }
          ],
          "transitions" : [
            {
              "type" : "hexstr",
              "value" : "0x11",
              "mask" : null,
              "next_state" : "internal_parse_udp"
            },
            {
              "type" : "default",
              "value" : null,
              "mask" : null,
              "next_state" : null
            }
          ],
          "transition_key" : [
            {
              "type" : "field",
              "value" : ["internal_ipv4", "protocol"]
            }
          ]
        },
        {
          "name" : "internal_parse_udp",
          "id" : 4,
          "parser_ops" : [
            {
              "parameters" : [
                {
                  "type" : "regular",
                  "value" : "internal_udp"
                }
              ],
              "op" : "extract"
            }
          ],
          "transitions" : [
            {
              "type" : "default",
              "value" : null,
              "mask" : null,
              "next_state" : null
            }
          ],
          "transition_key" : []
        }
      ]
    }
  ],
  "parse_vsets" : [],
  "deparsers" : [
    {
      "name" : "deparser",
      "id" : 0,
      "source_info" : {
        "filename" : "include/gtp_parser.p4",
        "line" : 60,
        "column" : 8,
        "source_fragment" : "gtp_deparser"
      },
      "order" : ["report_ethernet", "report_ipv4", "report_udp", "report_fixed_header", "ethernet", "ipv4", "udp", "gtp_header", "internal_ipv4", "internal_udp"],
      "primitives" : []
    }
  ],
  "meter_arrays" : [],
  "counter_arrays" : [],
  "register_arrays" : [],
  "calculations" : [
    {
      "name" : "calc",
      "id" : 0,
      "source_info" : {
        "filename" : "include/checksums.p4",
        "line" : 17,
        "column" : 8,
        "source_fragment" : "update_checksum(hdr.ipv4.isValid(), ..."
      },
      "algo" : "csum16",
      "input" : [
        {
          "type" : "field",
          "value" : ["ipv4", "version"]
        },
        {
          "type" : "field",
          "value" : ["ipv4", "ihl"]
        },
        {
          "type" : "field",
          "value" : ["ipv4", "dscp"]
        },
        {
          "type" : "field",
          "value" : ["ipv4", "ecn"]
        },
        {
          "type" : "field",
          "value" : ["ipv4", "len"]
        },
        {
          "type" : "field",
          "value" : ["ipv4", "identification"]
        },
        {
          "type" : "field",
          "value" : ["ipv4", "flags"]
        },
        {
          "type" : "field",
          "value" : ["ipv4", "frag_offset"]
        },
        {
          "type" : "field",
          "value" : ["ipv4", "ttl"]
        },
        {
          "type" : "field",
          "value" : ["ipv4", "protocol"]
        },
        {
          "type" : "field",
          "value" : ["ipv4", "src_addr"]
        },
        {
          "type" : "field",
          "value" : ["ipv4", "dst_addr"]
        }
      ]
    },
    {
      "name" : "calc_0",
      "id" : 1,
      "source_info" : {
        "filename" : "include/checksums.p4",
        "line" : 37,
        "column" : 8,
        "source_fragment" : "update_checksum(hdr.internal_ipv4.isValid(), ..."
      },
      "algo" : "csum16",
      "input" : [
        {
          "type" : "field",
          "value" : ["internal_ipv4", "version"]
        },
        {
          "type" : "field",
          "value" : ["internal_ipv4", "ihl"]
        },
        {
          "type" : "field",
          "value" : ["internal_ipv4", "dscp"]
        },
        {
          "type" : "field",
          "value" : ["internal_ipv4", "ecn"]
        },
        {
          "type" : "field",
          "value" : ["internal_ipv4", "len"]
        },
        {
          "type" : "field",
          "value" : ["internal_ipv4", "identification"]
        },
        {
          "type" : "field",
          "value" : ["internal_ipv4", "flags"]
        },
        {
          "type" : "field",
          "value" : ["internal_ipv4", "frag_offset"]
        },
        {
          "type" : "field",
          "value" : ["internal_ipv4", "ttl"]
        },
        {
          "type" : "field",
          "value" : ["internal_ipv4", "protocol"]
        },
        {
          "type" : "field",
          "value" : ["internal_ipv4", "src_addr"]
        },
        {
          "type" : "field",
          "value" : ["internal_ipv4", "dst_addr"]
        }
      ]
    }
  ],
  "learn_lists" : [],
  "actions" : [
    {
      "name" : "NoAction",
      "id" : 0,
      "runtime_data" : [],
      "primitives" : []
    },
    {
      "name" : "NoAction",
      "id" : 1,
      "runtime_data" : [],
      "primitives" : []
    },
    {
      "name" : "NoAction",
      "id" : 2,
      "runtime_data" : [],
      "primitives" : []
    },
    {
      "name" : "ingress.table0_control.set_egress",
      "id" : 3,
      "runtime_data" : [
        {
          "name" : "port",
          "bitwidth" : 9
        }
      ],
      "primitives" : [
        {
          "op" : "assign",
          "parameters" : [
            {
              "type" : "field",
              "value" : ["standard_metadata", "egress_spec"]
            },
            {
              "type" : "runtime_data",
              "value" : 0
            }
          ],
          "source_info" : {
            "filename" : "include/table0.p4",
            "line" : 12,
            "column" : 8,
            "source_fragment" : "standard_metadata.egress_spec = port"
          }
        }
      ]
    },
    {
      "name" : "ingress.table_add_gtp.encap_gtp",
      "id" : 4,
      "runtime_data" : [
        {
          "name" : "teid",
          "bitwidth" : 32
        },
        {
          "name" : "dst",
          "bitwidth" : 32
        },
        {
          "name" : "port",
          "bitwidth" : 9
        },
        {
          "name" : "report",
          "bitwidth" : 1
        }
      ],
      "primitives" : [
        {
          "op" : "assign",
          "parameters" : [
            {
              "type" : "field",
              "value" : ["standard_metadata", "egress_spec"]
            },
            {
              "type" : "runtime_data",
              "value" : 2
            }
          ],
          "source_info" : {
            "filename" : "include/table_add_gtp.p4",
            "line" : 14,
            "column" : 5,
            "source_fragment" : "standard_metadata.egress_spec = port"
          }
        },
        {
          "op" : "assign_header",
          "parameters" : [
            {
              "type" : "header",
              "value" : "internal_ipv4"
            },
            {
              "type" : "header",
              "value" : "ipv4"
            }
          ],
          "source_info" : {
            "filename" : "include/table_add_gtp.p4",
            "line" : 17,
            "column" : 8,
            "source_fragment" : "hdr.internal_ipv4 = hdr.ipv4"
          }
        },
        {
          "op" : "assign_header",
          "parameters" : [
            {
              "type" : "header",
              "value" : "internal_udp"
            },
            {
              "type" : "header",
              "value" : "udp"
            }
          ],
          "source_info" : {
            "filename" : "include/table_add_gtp.p4",
            "line" : 18,
            "column" : 8,
            "source_fragment" : "hdr.internal_udp = hdr.udp"
          }
        },
        {
          "op" : "add_header",
          "parameters" : [
            {
              "type" : "header",
              "value" : "ipv4"
            }
          ],
          "source_info" : {
            "filename" : "include/table_add_gtp.p4",
            "line" : 20,
            "column" : 8,
            "source_fragment" : "hdr.ipv4.setValid()"
          }
        },
        {
          "op" : "assign",
          "parameters" : [
            {
              "type" : "field",
              "value" : ["ipv4", "src_addr"]
            },
            {
              "type" : "hexstr",
              "value" : "0xa3a2ec56"
            }
          ],
          "source_info" : {
            "filename" : "include/table_add_gtp.p4",
            "line" : 21,
            "column" : 8,
            "source_fragment" : "hdr.ipv4.src_addr = 0xa3a2ec56"
          }
        },
        {
          "op" : "assign",
          "parameters" : [
            {
              "type" : "field",
              "value" : ["ipv4", "dst_addr"]
            },
            {
              "type" : "runtime_data",
              "value" : 1
            }
          ],
          "source_info" : {
            "filename" : "include/table_add_gtp.p4",
            "line" : 22,
            "column" : 8,
            "source_fragment" : "hdr.ipv4.dst_addr = dst"
          }
        },
        {
          "op" : "assign",
          "parameters" : [
            {
              "type" : "field",
              "value" : ["ipv4", "version"]
            },
            {
              "type" : "hexstr",
              "value" : "0x04"
            }
          ],
          "source_info" : {
            "filename" : "include/table_add_gtp.p4",
            "line" : 23,
            "column" : 8,
            "source_fragment" : "hdr.ipv4.version = 4w4"
          }
        },
        {
          "op" : "assign",
          "parameters" : [
            {
              "type" : "field",
              "value" : ["ipv4", "ihl"]
            },
            {
              "type" : "hexstr",
              "value" : "0x05"
            }
          ],
          "source_info" : {
            "filename" : "include/defines.p4",
            "line" : 47,
            "column" : 28,
            "source_fragment" : "5; ..."
          }
        },
        {
          "op" : "assign",
          "parameters" : [
            {
              "type" : "field",
              "value" : ["ipv4", "dscp"]
            },
            {
              "type" : "hexstr",
              "value" : "0x00"
            }
          ],
          "source_info" : {
            "filename" : "include/table_add_gtp.p4",
            "line" : 25,
            "column" : 8,
            "source_fragment" : "hdr.ipv4.dscp = 0"
          }
        },
        {
          "op" : "assign",
          "parameters" : [
            {
              "type" : "field",
              "value" : ["ipv4", "ecn"]
            },
            {
              "type" : "hexstr",
              "value" : "0x00"
            }
          ],
          "source_info" : {
            "filename" : "include/table_add_gtp.p4",
            "line" : 26,
            "column" : 8,
            "source_fragment" : "hdr.ipv4.ecn = 0"
          }
        },
        {
          "op" : "assign",
          "parameters" : [
            {
              "type" : "field",
              "value" : ["ipv4", "len"]
            },
            {
              "type" : "expression",
              "value" : {
                "type" : "expression",
                "value" : {
                  "op" : "&",
                  "left" : {
                    "type" : "expression",
                    "value" : {
                      "op" : "+",
                      "left" : {
                        "type" : "field",
                        "value" : ["ipv4", "len"]
                      },
                      "right" : {
                        "type" : "hexstr",
                        "value" : "0x0024"
                      }
                    }
                  },
                  "right" : {
                    "type" : "hexstr",
                    "value" : "0xffff"
                  }
                }
              }
            }
          ],
          "source_info" : {
            "filename" : "include/table_add_gtp.p4",
            "line" : 27,
            "column" : 8,
            "source_fragment" : "hdr.ipv4.len = hdr.ipv4.len ..."
          }
        },
        {
          "op" : "assign",
          "parameters" : [
            {
              "type" : "field",
              "value" : ["ipv4", "identification"]
            },
            {
              "type" : "hexstr",
              "value" : "0x1513"
            }
          ],
          "source_info" : {
            "filename" : "include/table_add_gtp.p4",
            "line" : 29,
            "column" : 8,
            "source_fragment" : "hdr.ipv4.identification = 0x1513"
          }
        },
        {
          "op" : "assign",
          "parameters" : [
            {
              "type" : "field",
              "value" : ["ipv4", "flags"]
            },
            {
              "type" : "hexstr",
              "value" : "0x00"
            }
          ],
          "source_info" : {
            "filename" : "include/table_add_gtp.p4",
            "line" : 30,
            "column" : 8,
            "source_fragment" : "hdr.ipv4.flags = 0"
          }
        },
        {
          "op" : "assign",
          "parameters" : [
            {
              "type" : "field",
              "value" : ["ipv4", "frag_offset"]
            },
            {
              "type" : "hexstr",
              "value" : "0x0000"
            }
          ],
          "source_info" : {
            "filename" : "include/table_add_gtp.p4",
            "line" : 31,
            "column" : 8,
            "source_fragment" : "hdr.ipv4.frag_offset = 0"
          }
        },
        {
          "op" : "assign",
          "parameters" : [
            {
              "type" : "field",
              "value" : ["ipv4", "ttl"]
            },
            {
              "type" : "hexstr",
              "value" : "0x39"
            }
          ],
          "source_info" : {
            "filename" : "main.p4",
            "line" : 3,
            "column" : 32,
            "source_fragment" : "57; ..."
          }
        },
        {
          "op" : "assign",
          "parameters" : [
            {
              "type" : "field",
              "value" : ["ipv4", "protocol"]
            },
            {
              "type" : "hexstr",
              "value" : "0x11"
            }
          ],
          "source_info" : {
            "filename" : "include/table_add_gtp.p4",
            "line" : 33,
            "column" : 8,
            "source_fragment" : "hdr.ipv4.protocol = 8w17"
          }
        },
        {
          "op" : "add_header",
          "parameters" : [
            {
              "type" : "header",
              "value" : "udp"
            }
          ],
          "source_info" : {
            "filename" : "include/table_add_gtp.p4",
            "line" : 36,
            "column" : 8,
            "source_fragment" : "hdr.udp.setValid()"
          }
        },
        {
          "op" : "assign",
          "parameters" : [
            {
              "type" : "field",
              "value" : ["udp", "src_port"]
            },
            {
              "type" : "hexstr",
              "value" : "0xdac5"
            }
          ],
          "source_info" : {
            "filename" : "include/table_add_gtp.p4",
            "line" : 37,
            "column" : 8,
            "source_fragment" : "hdr.udp.src_port = 56005"
          }
        },
        {
          "op" : "assign",
          "parameters" : [
            {
              "type" : "field",
              "value" : ["udp", "dst_port"]
            },
            {
              "type" : "hexstr",
              "value" : "0x0868"
            }
          ],
          "source_info" : {
            "filename" : "include/table_add_gtp.p4",
            "line" : 38,
            "column" : 8,
            "source_fragment" : "hdr.udp.dst_port = 2152"
          }
        },
        {
          "op" : "assign",
          "parameters" : [
            {
              "type" : "field",
              "value" : ["udp", "length_"]
            },
            {
              "type" : "expression",
              "value" : {
                "type" : "expression",
                "value" : {
                  "op" : "&",
                  "left" : {
                    "type" : "expression",
                    "value" : {
                      "op" : "+",
                      "left" : {
                        "type" : "field",
                        "value" : ["internal_ipv4", "len"]
                      },
                      "right" : {
                        "type" : "hexstr",
                        "value" : "0x0010"
                      }
                    }
                  },
                  "right" : {
                    "type" : "hexstr",
                    "value" : "0xffff"
                  }
                }
              }
            }
          ],
          "source_info" : {
            "filename" : "include/table_add_gtp.p4",
            "line" : 39,
            "column" : 8,
            "source_fragment" : "hdr.udp.length_ = hdr.internal_ipv4.len + (8 +8)"
          }
        },
        {
          "op" : "assign",
          "parameters" : [
            {
              "type" : "field",
              "value" : ["udp", "checksum"]
            },
            {
              "type" : "hexstr",
              "value" : "0x0000"
            }
          ],
          "source_info" : {
            "filename" : "include/table_add_gtp.p4",
            "line" : 40,
            "column" : 8,
            "source_fragment" : "hdr.udp.checksum = 0"
          }
        },
        {
          "op" : "add_header",
          "parameters" : [
            {
              "type" : "header",
              "value" : "gtp_header"
            }
          ],
          "source_info" : {
            "filename" : "include/table_add_gtp.p4",
            "line" : 43,
            "column" : 8,
            "source_fragment" : "hdr.gtp_header.setValid()"
          }
        },
        {
          "op" : "assign",
          "parameters" : [
            {
              "type" : "field",
              "value" : ["gtp_header", "ver"]
            },
            {
              "type" : "hexstr",
              "value" : "0x01"
            }
          ],
          "source_info" : {
            "filename" : "include/table_add_gtp.p4",
            "line" : 44,
            "column" : 8,
            "source_fragment" : "hdr.gtp_header.ver = 0x01"
          }
        },
        {
          "op" : "assign",
          "parameters" : [
            {
              "type" : "field",
              "value" : ["gtp_header", "pt"]
            },
            {
              "type" : "hexstr",
              "value" : "0x01"
            }
          ],
          "source_info" : {
            "filename" : "include/table_add_gtp.p4",
            "line" : 45,
            "column" : 8,
            "source_fragment" : "hdr.gtp_header.pt = 1"
          }
        },
        {
          "op" : "assign",
          "parameters" : [
            {
              "type" : "field",
              "value" : ["gtp_header", "rsvd"]
            },
            {
              "type" : "hexstr",
              "value" : "0x00"
            }
          ],
          "source_info" : {
            "filename" : "include/table_add_gtp.p4",
            "line" : 46,
            "column" : 8,
            "source_fragment" : "hdr.gtp_header.rsvd = 0"
          }
        },
        {
          "op" : "assign",
          "parameters" : [
            {
              "type" : "field",
              "value" : ["gtp_header", "e"]
            },
            {
              "type" : "hexstr",
              "value" : "0x00"
            }
          ],
          "source_info" : {
            "filename" : "include/table_add_gtp.p4",
            "line" : 47,
            "column" : 8,
            "source_fragment" : "hdr.gtp_header.e = 0"
          }
        },
        {
          "op" : "assign",
          "parameters" : [
            {
              "type" : "field",
              "value" : ["gtp_header", "s"]
            },
            {
              "type" : "hexstr",
              "value" : "0x00"
            }
          ],
          "source_info" : {
            "filename" : "include/table_add_gtp.p4",
            "line" : 48,
            "column" : 8,
            "source_fragment" : "hdr.gtp_header.s = 0"
          }
        },
        {
          "op" : "assign",
          "parameters" : [
            {
              "type" : "field",
              "value" : ["gtp_header", "pn"]
            },
            {
              "type" : "hexstr",
              "value" : "0x00"
            }
          ],
          "source_info" : {
            "filename" : "include/table_add_gtp.p4",
            "line" : 49,
            "column" : 8,
            "source_fragment" : "hdr.gtp_header.pn = 0"
          }
        },
        {
          "op" : "assign",
          "parameters" : [
            {
              "type" : "field",
              "value" : ["gtp_header", "msgtype"]
            },
            {
              "type" : "hexstr",
              "value" : "0xff"
            }
          ],
          "source_info" : {
            "filename" : "include/table_add_gtp.p4",
            "line" : 50,
            "column" : 8,
            "source_fragment" : "hdr.gtp_header.msgtype = 0xff"
          }
        },
        {
          "op" : "assign",
          "parameters" : [
            {
              "type" : "field",
              "value" : ["gtp_header", "total_len"]
            },
            {
              "type" : "field",
              "value" : ["ipv4", "len"]
            }
          ],
          "source_info" : {
            "filename" : "include/table_add_gtp.p4",
            "line" : 51,
            "column" : 8,
            "source_fragment" : "hdr.gtp_header.total_len = hdr.ipv4.len"
          }
        },
        {
          "op" : "assign",
          "parameters" : [
            {
              "type" : "field",
              "value" : ["gtp_header", "teid"]
            },
            {
              "type" : "runtime_data",
              "value" : 0
            }
          ],
          "source_info" : {
            "filename" : "include/table_add_gtp.p4",
            "line" : 52,
            "column" : 8,
            "source_fragment" : "hdr.gtp_header.teid = teid"
          }
        },
        {
          "op" : "assign",
          "parameters" : [
            {
              "type" : "field",
              "value" : ["scalars", "userMetadata._int_meta_report0"]
            },
            {
              "type" : "runtime_data",
              "value" : 3
            }
          ],
          "source_info" : {
            "filename" : "include/table_add_gtp.p4",
            "line" : 54,
            "column" : 39,
            "source_fragment" : "= report; ..."
          }
        }
      ]
    },
    {
      "name" : "ingress.table_rem_gtp.decap_gtp",
      "id" : 5,
      "runtime_data" : [
        {
          "name" : "port",
          "bitwidth" : 9
        },
        {
          "name" : "report",
          "bitwidth" : 1
        }
      ],
      "primitives" : [
        {
          "op" : "assign",
          "parameters" : [
            {
              "type" : "field",
              "value" : ["standard_metadata", "egress_spec"]
            },
            {
              "type" : "runtime_data",
              "value" : 0
            }
          ],
          "source_info" : {
            "filename" : "include/table_rem_gtp.p4",
            "line" : 14,
            "column" : 8,
            "source_fragment" : "standard_metadata.egress_spec = port"
          }
        },
        {
          "op" : "remove_header",
          "parameters" : [
            {
              "type" : "header",
              "value" : "ipv4"
            }
          ],
          "source_info" : {
            "filename" : "include/table_rem_gtp.p4",
            "line" : 16,
            "column" : 8,
            "source_fragment" : "hdr.ipv4.setInvalid()"
          }
        },
        {
          "op" : "remove_header",
          "parameters" : [
            {
              "type" : "header",
              "value" : "udp"
            }
          ],
          "source_info" : {
            "filename" : "include/table_rem_gtp.p4",
            "line" : 17,
            "column" : 8,
            "source_fragment" : "hdr.udp.setInvalid()"
          }
        },
        {
          "op" : "remove_header",
          "parameters" : [
            {
              "type" : "header",
              "value" : "gtp_header"
            }
          ],
          "source_info" : {
            "filename" : "include/table_rem_gtp.p4",
            "line" : 18,
            "column" : 8,
            "source_fragment" : "hdr.gtp_header.setInvalid()"
          }
        },
        {
          "op" : "assign",
          "parameters" : [
            {
              "type" : "field",
              "value" : ["scalars", "userMetadata._int_meta_report0"]
            },
            {
              "type" : "runtime_data",
              "value" : 1
            }
          ],
          "source_info" : {
            "filename" : "include/table_rem_gtp.p4",
            "line" : 20,
            "column" : 39,
            "source_fragment" : "= report; ..."
          }
        }
      ]
    },
    {
      "name" : "ingress.table_rem_gtp.set_output_change_teid",
      "id" : 6,
      "runtime_data" : [
        {
          "name" : "port",
          "bitwidth" : 9
        },
        {
          "name" : "teid",
          "bitwidth" : 32
        },
        {
          "name" : "report",
          "bitwidth" : 1
        }
      ],
      "primitives" : [
        {
          "op" : "assign",
          "parameters" : [
            {
              "type" : "field",
              "value" : ["standard_metadata", "egress_spec"]
            },
            {
              "type" : "runtime_data",
              "value" : 0
            }
          ],
          "source_info" : {
            "filename" : "include/table_rem_gtp.p4",
            "line" : 26,
            "column" : 8,
            "source_fragment" : "standard_metadata.egress_spec = port"
          }
        },
        {
          "op" : "assign",
          "parameters" : [
            {
              "type" : "field",
              "value" : ["gtp_header", "teid"]
            },
            {
              "type" : "runtime_data",
              "value" : 1
            }
          ],
          "source_info" : {
            "filename" : "include/table_rem_gtp.p4",
            "line" : 27,
            "column" : 8,
            "source_fragment" : "hdr.gtp_header.teid = teid"
          }
        },
        {
          "op" : "assign",
          "parameters" : [
            {
              "type" : "field",
              "value" : ["scalars", "userMetadata._int_meta_report0"]
            },
            {
              "type" : "runtime_data",
              "value" : 2
            }
          ],
          "source_info" : {
            "filename" : "include/table_rem_gtp.p4",
            "line" : 29,
            "column" : 39,
            "source_fragment" : "= report; ..."
          }
        }
      ]
    },
    {
      "name" : "main39",
      "id" : 7,
      "runtime_data" : [],
      "primitives" : [
        {
          "op" : "clone_ingress_pkt_to_egress",
          "parameters" : [
            {
              "type" : "hexstr",
              "value" : "0x000001f4"
            },
            {
              "type" : "hexstr",
              "value" : "0x1"
            }
          ],
          "source_info" : {
            "filename" : "main.p4",
            "line" : 39,
            "column" : 16,
            "source_fragment" : "clone3(CloneType.I2E, REPORT_MIRROR_SESSION_ID, standard_metadata)"
          }
        }
      ]
    },
    {
      "name" : "nop",
      "id" : 8,
      "runtime_data" : [],
      "primitives" : []
    },
    {
      "name" : "egress.process_int_report.do_report_encapsulation",
      "id" : 9,
      "runtime_data" : [
        {
          "name" : "src_mac",
          "bitwidth" : 48
        },
        {
          "name" : "mon_mac",
          "bitwidth" : 48
        },
        {
          "name" : "src_ip",
          "bitwidth" : 32
        },
        {
          "name" : "mon_ip",
          "bitwidth" : 32
        },
        {
          "name" : "mon_port",
          "bitwidth" : 16
        },
        {
          "name" : "switch_id",
          "bitwidth" : 32
        },
        {
          "name" : "seq",
          "bitwidth" : 32
        }
      ],
      "primitives" : [
        {
          "op" : "add_header",
          "parameters" : [
            {
              "type" : "header",
              "value" : "report_ethernet"
            }
          ],
          "source_info" : {
            "filename" : "include/int_report.p4",
            "line" : 54,
            "column" : 8,
            "source_fragment" : "hdr.report_ethernet.setValid()"
          }
        },
        {
          "op" : "assign",
          "parameters" : [
            {
              "type" : "field",
              "value" : ["report_ethernet", "dst_addr"]
            },
            {
              "type" : "runtime_data",
              "value" : 1
            }
          ],
          "source_info" : {
            "filename" : "include/int_report.p4",
            "line" : 55,
            "column" : 8,
            "source_fragment" : "hdr.report_ethernet.dst_addr = mon_mac"
          }
        },
        {
          "op" : "assign",
          "parameters" : [
            {
              "type" : "field",
              "value" : ["report_ethernet", "src_addr"]
            },
            {
              "type" : "runtime_data",
              "value" : 0
            }
          ],
          "source_info" : {
            "filename" : "include/int_report.p4",
            "line" : 56,
            "column" : 8,
            "source_fragment" : "hdr.report_ethernet.src_addr = src_mac"
          }
        },
        {
          "op" : "assign",
          "parameters" : [
            {
              "type" : "field",
              "value" : ["report_ethernet", "ether_type"]
            },
            {
              "type" : "hexstr",
              "value" : "0x0800"
            }
          ],
          "source_info" : {
            "filename" : "include/int_report.p4",
            "line" : 57,
            "column" : 8,
            "source_fragment" : "hdr.report_ethernet.ether_type = 0x0800"
          }
        },
        {
          "op" : "add_header",
          "parameters" : [
            {
              "type" : "header",
              "value" : "report_ipv4"
            }
          ],
          "source_info" : {
            "filename" : "include/int_report.p4",
            "line" : 60,
            "column" : 8,
            "source_fragment" : "hdr.report_ipv4.setValid()"
          }
        },
        {
          "op" : "assign",
          "parameters" : [
            {
              "type" : "field",
              "value" : ["report_ipv4", "version"]
            },
            {
              "type" : "hexstr",
              "value" : "0x04"
            }
          ],
          "source_info" : {
            "filename" : "include/int_report.p4",
            "line" : 61,
            "column" : 8,
            "source_fragment" : "hdr.report_ipv4.version = 4w4"
          }
        },
        {
          "op" : "assign",
          "parameters" : [
            {
              "type" : "field",
              "value" : ["report_ipv4", "ihl"]
            },
            {
              "type" : "hexstr",
              "value" : "0x05"
            }
          ],
          "source_info" : {
            "filename" : "include/int_report.p4",
            "line" : 62,
            "column" : 8,
            "source_fragment" : "hdr.report_ipv4.ihl = 4w5"
          }
        },
        {
          "op" : "assign",
          "parameters" : [
            {
              "type" : "field",
              "value" : ["report_ipv4", "dscp"]
            },
            {
              "type" : "hexstr",
              "value" : "0x00"
            }
          ],
          "source_info" : {
            "filename" : "include/int_report.p4",
            "line" : 63,
            "column" : 8,
            "source_fragment" : "hdr.report_ipv4.dscp = 6w0"
          }
        },
        {
          "op" : "assign",
          "parameters" : [
            {
              "type" : "field",
              "value" : ["report_ipv4", "ecn"]
            },
            {
              "type" : "hexstr",
              "value" : "0x00"
            }
          ],
          "source_info" : {
            "filename" : "include/int_report.p4",
            "line" : 64,
            "column" : 8,
            "source_fragment" : "hdr.report_ipv4.ecn = 2w0"
          }
        },
        {
          "op" : "assign",
          "parameters" : [
            {
              "type" : "field",
              "value" : ["report_ipv4", "len"]
            },
            {
              "type" : "hexstr",
              "value" : "0x0056"
            }
          ],
          "source_info" : {
            "filename" : "include/int_report.p4",
            "line" : 66,
            "column" : 8,
            "source_fragment" : "hdr.report_ipv4.len = (bit<16>) IPV4_MIN_HEAD_LEN + (bit<16>) UDP_HEADER_LEN + (bit<16>) REPORT_FIXED_HEADER_LEN + ..."
          }
        },
        {
          "op" : "assign",
          "parameters" : [
            {
              "type" : "field",
              "value" : ["report_ipv4", "identification"]
            },
            {
              "type" : "hexstr",
              "value" : "0x0000"
            }
          ],
          "source_info" : {
            "filename" : "include/int_report.p4",
            "line" : 69,
            "column" : 8,
            "source_fragment" : "hdr.report_ipv4.identification = 0"
          }
        },
        {
          "op" : "assign",
          "parameters" : [
            {
              "type" : "field",
              "value" : ["report_ipv4", "flags"]
            },
            {
              "type" : "hexstr",
              "value" : "0x00"
            }
          ],
          "source_info" : {
            "filename" : "include/int_report.p4",
            "line" : 70,
            "column" : 8,
            "source_fragment" : "hdr.report_ipv4.flags = 0"
          }
        },
        {
          "op" : "assign",
          "parameters" : [
            {
              "type" : "field",
              "value" : ["report_ipv4", "frag_offset"]
            },
            {
              "type" : "hexstr",
              "value" : "0x0000"
            }
          ],
          "source_info" : {
            "filename" : "include/int_report.p4",
            "line" : 71,
            "column" : 8,
            "source_fragment" : "hdr.report_ipv4.frag_offset = 0"
          }
        },
        {
          "op" : "assign",
          "parameters" : [
            {
              "type" : "field",
              "value" : ["report_ipv4", "ttl"]
            },
            {
              "type" : "hexstr",
              "value" : "0x40"
            }
          ],
          "source_info" : {
            "filename" : "include/int_definitions.p4",
            "line" : 17,
            "column" : 30,
            "source_fragment" : "64; ..."
          }
        },
        {
          "op" : "assign",
          "parameters" : [
            {
              "type" : "field",
              "value" : ["report_ipv4", "protocol"]
            },
            {
              "type" : "hexstr",
              "value" : "0x11"
            }
          ],
          "source_info" : {
            "filename" : "include/int_report.p4",
            "line" : 73,
            "column" : 8,
            "source_fragment" : "hdr.report_ipv4.protocol = 8w17"
          }
        },
        {
          "op" : "assign",
          "parameters" : [
            {
              "type" : "field",
              "value" : ["report_ipv4", "src_addr"]
            },
            {
              "type" : "runtime_data",
              "value" : 2
            }
          ],
          "source_info" : {
            "filename" : "include/int_report.p4",
            "line" : 74,
            "column" : 8,
            "source_fragment" : "hdr.report_ipv4.src_addr = src_ip"
          }
        },
        {
          "op" : "assign",
          "parameters" : [
            {
              "type" : "field",
              "value" : ["report_ipv4", "dst_addr"]
            },
            {
              "type" : "runtime_data",
              "value" : 3
            }
          ],
          "source_info" : {
            "filename" : "include/int_report.p4",
            "line" : 75,
            "column" : 8,
            "source_fragment" : "hdr.report_ipv4.dst_addr = mon_ip"
          }
        },
        {
          "op" : "add_header",
          "parameters" : [
            {
              "type" : "header",
              "value" : "report_udp"
            }
          ],
          "source_info" : {
            "filename" : "include/int_report.p4",
            "line" : 78,
            "column" : 8,
            "source_fragment" : "hdr.report_udp.setValid()"
          }
        },
        {
          "op" : "assign",
          "parameters" : [
            {
              "type" : "field",
              "value" : ["report_udp", "src_port"]
            },
            {
              "type" : "hexstr",
              "value" : "0x0000"
            }
          ],
          "source_info" : {
            "filename" : "include/int_report.p4",
            "line" : 79,
            "column" : 8,
            "source_fragment" : "hdr.report_udp.src_port = 0"
          }
        },
        {
          "op" : "assign",
          "parameters" : [
            {
              "type" : "field",
              "value" : ["report_udp", "dst_port"]
            },
            {
              "type" : "runtime_data",
              "value" : 4
            }
          ],
          "source_info" : {
            "filename" : "include/int_report.p4",
            "line" : 80,
            "column" : 8,
            "source_fragment" : "hdr.report_udp.dst_port = mon_port"
          }
        },
        {
          "op" : "assign",
          "parameters" : [
            {
              "type" : "field",
              "value" : ["report_udp", "length_"]
            },
            {
              "type" : "hexstr",
              "value" : "0x0042"
            }
          ],
          "source_info" : {
            "filename" : "include/int_report.p4",
            "line" : 81,
            "column" : 8,
            "source_fragment" : "hdr.report_udp.length_ = (bit<16>) UDP_HEADER_LEN + (bit<16>) REPORT_FIXED_HEADER_LEN + ..."
          }
        },
        {
          "op" : "assign",
          "parameters" : [
            {
              "type" : "field",
              "value" : ["scalars", "userMetadata._compute_checksum1"]
            },
            {
              "type" : "expression",
              "value" : {
                "type" : "expression",
                "value" : {
                  "op" : "b2d",
                  "left" : null,
                  "right" : {
                    "type" : "bool",
                    "value" : true
                  }
                }
              }
            }
          ],
          "source_info" : {
            "filename" : "include/int_report.p4",
            "line" : 84,
            "column" : 40,
            "source_fragment" : "= true; ..."
          }
        },
        {
          "op" : "add_header",
          "parameters" : [
            {
              "type" : "header",
              "value" : "report_fixed_header"
            }
          ],
          "source_info" : {
            "filename" : "include/int_report.p4",
            "line" : 31,
            "column" : 8,
            "source_fragment" : "hdr.report_fixed_header.setValid()"
          }
        },
        {
          "op" : "assign",
          "parameters" : [
            {
              "type" : "field",
              "value" : ["report_fixed_header", "ver"]
            },
            {
              "type" : "hexstr",
              "value" : "0x01"
            }
          ],
          "source_info" : {
            "filename" : "include/int_report.p4",
            "line" : 32,
            "column" : 8,
            "source_fragment" : "hdr.report_fixed_header.ver = 1"
          }
        },
        {
          "op" : "assign",
          "parameters" : [
            {
              "type" : "field",
              "value" : ["report_fixed_header", "len"]
            },
            {
              "type" : "hexstr",
              "value" : "0x04"
            }
          ],
          "source_info" : {
            "filename" : "include/int_report.p4",
            "line" : 33,
            "column" : 8,
            "source_fragment" : "hdr.report_fixed_header.len = 4"
          }
        },
        {
          "op" : "assign",
          "parameters" : [
            {
              "type" : "field",
              "value" : ["report_fixed_header", "nproto"]
            },
            {
              "type" : "hexstr",
              "value" : "0x00"
            }
          ],
          "source_info" : {
            "filename" : "include/telemetry_report_headers.p4",
            "line" : 4,
            "column" : 31,
            "source_fragment" : "0; ..."
          }
        },
        {
          "op" : "assign",
          "parameters" : [
            {
              "type" : "field",
              "value" : ["report_fixed_header", "rep_md_bits"]
            },
            {
              "type" : "hexstr",
              "value" : "0x00"
            }
          ],
          "source_info" : {
            "filename" : "include/int_report.p4",
            "line" : 35,
            "column" : 8,
            "source_fragment" : "hdr.report_fixed_header.rep_md_bits = 0"
          }
        },
        {
          "op" : "assign",
          "parameters" : [
            {
              "type" : "field",
              "value" : ["report_fixed_header", "d"]
            },
            {
              "type" : "hexstr",
              "value" : "0x00"
            }
          ],
          "source_info" : {
            "filename" : "include/int_report.p4",
            "line" : 36,
            "column" : 8,
            "source_fragment" : "hdr.report_fixed_header.d = 0"
          }
        },
        {
          "op" : "assign",
          "parameters" : [
            {
              "type" : "field",
              "value" : ["report_fixed_header", "q"]
            },
            {
              "type" : "hexstr",
              "value" : "0x00"
            }
          ],
          "source_info" : {
            "filename" : "include/int_report.p4",
            "line" : 37,
            "column" : 8,
            "source_fragment" : "hdr.report_fixed_header.q = 0"
          }
        },
        {
          "op" : "assign",
          "parameters" : [
            {
              "type" : "field",
              "value" : ["report_fixed_header", "f"]
            },
            {
              "type" : "hexstr",
              "value" : "0x01"
            }
          ],
          "source_info" : {
            "filename" : "include/int_report.p4",
            "line" : 38,
            "column" : 8,
            "source_fragment" : "hdr.report_fixed_header.f = 1"
          }
        },
        {
          "op" : "assign",
          "parameters" : [
            {
              "type" : "field",
              "value" : ["report_fixed_header", "rsvd"]
            },
            {
              "type" : "hexstr",
              "value" : "0x00"
            }
          ],
          "source_info" : {
            "filename" : "include/int_report.p4",
            "line" : 39,
            "column" : 8,
            "source_fragment" : "hdr.report_fixed_header.rsvd = 0"
          }
        },
        {
          "op" : "assign",
          "parameters" : [
            {
              "type" : "field",
              "value" : ["report_fixed_header", "hw_id"]
            },
            {
              "type" : "hexstr",
              "value" : "0x01"
            }
          ],
          "source_info" : {
            "filename" : "include/int_definitions.p4",
            "line" : 16,
            "column" : 21,
            "source_fragment" : "1; ..."
          }
        },
        {
          "op" : "assign",
          "parameters" : [
            {
              "type" : "field",
              "value" : ["report_fixed_header", "sw_id"]
            },
            {
              "type" : "runtime_data",
              "value" : 5
            }
          ],
          "source_info" : {
            "filename" : "include/int_report.p4",
            "line" : 42,
            "column" : 8,
            "source_fragment" : "hdr.report_fixed_header.sw_id = switch_id; ..."
          }
        },
        {
          "op" : "assign",
          "parameters" : [
            {
              "type" : "field",
              "value" : ["report_fixed_header", "seq_no"]
            },
            {
              "type" : "runtime_data",
              "value" : 6
            }
          ],
          "source_info" : {
            "filename" : "include/int_report.p4",
            "line" : 44,
            "column" : 8,
            "source_fragment" : "hdr.report_fixed_header.seq_no = seq; ..."
          }
        },
        {
          "op" : "assign",
          "parameters" : [
            {
              "type" : "field",
              "value" : ["report_fixed_header", "ingress_tstamp"]
            },
            {
              "type" : "expression",
              "value" : {
                "type" : "expression",
                "value" : {
                  "op" : "&",
                  "left" : {
                    "type" : "field",
                    "value" : ["standard_metadata", "ingress_global_timestamp"]
                  },
                  "right" : {
                    "type" : "hexstr",
                    "value" : "0xffffffff"
                  }
                }
              }
            }
          ],
          "source_info" : {
            "filename" : "include/int_report.p4",
            "line" : 46,
            "column" : 8,
            "source_fragment" : "hdr.report_fixed_header.ingress_tstamp = (bit<32>) standard_metadata.ingress_global_timestamp"
          }
        },
        {
          "op" : "assign",
          "parameters" : [
            {
              "type" : "field",
              "value" : ["report_fixed_header", "engress_tstamp"]
            },
            {
              "type" : "expression",
              "value" : {
                "type" : "expression",
                "value" : {
                  "op" : "&",
                  "left" : {
                    "type" : "field",
                    "value" : ["standard_metadata", "egress_global_timestamp"]
                  },
                  "right" : {
                    "type" : "hexstr",
                    "value" : "0xffffffff"
                  }
                }
              }
            }
          ],
          "source_info" : {
            "filename" : "include/int_report.p4",
            "line" : 47,
            "column" : 8,
            "source_fragment" : "hdr.report_fixed_header.engress_tstamp = (bit<32>) standard_metadata.egress_global_timestamp"
          }
        },
        {
          "op" : "truncate",
          "parameters" : [
            {
              "type" : "hexstr",
              "value" : "0x00000064"
            }
          ],
          "source_info" : {
            "filename" : "include/int_report.p4",
            "line" : 87,
            "column" : 8,
            "source_fragment" : "truncate((bit<32>)hdr.report_ipv4.len + (bit<32>) ETH_HEADER_LEN)"
          }
        }
      ]
    },
    {
      "name" : "int_report93",
      "id" : 10,
      "runtime_data" : [],
      "primitives" : [
        {
          "op" : "assign",
          "parameters" : [
            {
              "type" : "field",
              "value" : ["scalars", "key_0"]
            },
            {
              "type" : "expression",
              "value" : {
                "type" : "expression",
                "value" : {
                  "op" : "b2d",
                  "left" : null,
                  "right" : {
                    "type" : "expression",
                    "value" : {
                      "op" : "==",
                      "left" : {
                        "type" : "field",
                        "value" : ["standard_metadata", "instance_type"]
                      },
                      "right" : {
                        "type" : "hexstr",
                        "value" : "0x00000001"
                      }
                    }
                  }
                }
              }
            }
          ],
          "source_info" : {
            "filename" : "include/int_report.p4",
            "line" : 93,
            "column" : 13,
            "source_fragment" : "            (standard_metadata.instance_type == BMV2_V1MODEL_INSTANCE_TYPE_INGRESS_CLONE) : exact @name(\\\"report_is_true\\\");"
          }
        }
      ]
    }
  ],
  "pipelines" : [
    {
      "name" : "ingress",
      "id" : 0,
      "source_info" : {
        "filename" : "main.p4",
        "line" : 22,
        "column" : 8,
        "source_fragment" : "ingress"
      },
      "init_table" : "ingress.table0_control.table0",
      "tables" : [
        {
          "name" : "ingress.table0_control.table0",
          "id" : 0,
          "source_info" : {
            "filename" : "include/table0.p4",
            "line" : 19,
            "column" : 10,
            "source_fragment" : "table0"
          },
          "key" : [
            {
              "match_type" : "exact",
              "name" : "hdr.ethernet.ether_type",
              "target" : ["ethernet", "ether_type"],
              "mask" : null
            },
            {
              "match_type" : "exact",
              "name" : "hdr.ethernet.src_addr",
              "target" : ["ethernet", "src_addr"],
              "mask" : null
            },
            {
              "match_type" : "exact",
              "name" : "hdr.ethernet.dst_addr",
              "target" : ["ethernet", "dst_addr"],
              "mask" : null
            }
          ],
          "match_type" : "exact",
          "type" : "simple",
          "max_size" : 1024,
          "with_counters" : false,
          "support_timeout" : false,
          "direct_meters" : null,
          "action_ids" : [3, 0],
          "actions" : ["ingress.table0_control.set_egress", "NoAction"],
          "base_default_next" : "node_3",
          "next_tables" : {
            "ingress.table0_control.set_egress" : "node_3",
            "NoAction" : "node_3"
          },
          "default_entry" : {
            "action_id" : 0,
            "action_const" : true,
            "action_data" : [],
            "action_entry_const" : true
          }
        },
        {
          "name" : "ingress.table_add_gtp.table_encap_gtp",
          "id" : 1,
          "source_info" : {
            "filename" : "include/table_add_gtp.p4",
            "line" : 60,
            "column" : 10,
            "source_fragment" : "table_encap_gtp"
          },
          "key" : [
            {
              "match_type" : "exact",
              "name" : "hdr.ipv4.dst_addr",
              "target" : ["ipv4", "dst_addr"],
              "mask" : null
            },
            {
              "match_type" : "exact",
              "name" : "hdr.ipv4.src_addr",
              "target" : ["ipv4", "src_addr"],
              "mask" : null
            },
            {
              "match_type" : "exact",
              "name" : "hdr.ipv4.protocol",
              "target" : ["ipv4", "protocol"],
              "mask" : null
            }
          ],
          "match_type" : "exact",
          "type" : "simple",
          "max_size" : 1024,
          "with_counters" : false,
          "support_timeout" : false,
          "direct_meters" : null,
          "action_ids" : [4, 1],
          "actions" : ["ingress.table_add_gtp.encap_gtp", "NoAction"],
          "base_default_next" : "node_6",
          "next_tables" : {
            "ingress.table_add_gtp.encap_gtp" : "node_6",
            "NoAction" : "node_6"
          },
          "default_entry" : {
            "action_id" : 1,
            "action_const" : true,
            "action_data" : [],
            "action_entry_const" : true
          }
        },
        {
          "name" : "ingress.table_rem_gtp.table_decap_gtp",
          "id" : 2,
          "source_info" : {
            "filename" : "include/table_rem_gtp.p4",
            "line" : 33,
            "column" : 10,
            "source_fragment" : "table_decap_gtp"
          },
          "key" : [
            {
              "match_type" : "exact",
              "name" : "hdr.gtp_header.teid",
              "target" : ["gtp_header", "teid"],
              "mask" : null
            }
          ],
          "match_type" : "exact",
          "type" : "simple",
          "max_size" : 1024,
          "with_counters" : false,
          "support_timeout" : false,
          "direct_meters" : null,
          "action_ids" : [5, 6, 2],
          "actions" : ["ingress.table_rem_gtp.decap_gtp", "ingress.table_rem_gtp.set_output_change_teid", "NoAction"],
          "base_default_next" : "node_6",
          "next_tables" : {
            "ingress.table_rem_gtp.decap_gtp" : "node_6",
            "ingress.table_rem_gtp.set_output_change_teid" : "node_6",
            "NoAction" : "node_6"
          },
          "default_entry" : {
            "action_id" : 2,
            "action_const" : true,
            "action_data" : [],
            "action_entry_const" : true
          }
        },
        {
          "name" : "tbl_main39",
          "id" : 3,
          "source_info" : {
            "filename" : "main.p4",
            "line" : 39,
            "column" : 16,
            "source_fragment" : "clone3(CloneType.I2E, REPORT_MIRROR_SESSION_ID, standard_metadata)"
          },
          "key" : [],
          "match_type" : "exact",
          "type" : "simple",
          "max_size" : 1024,
          "with_counters" : false,
          "support_timeout" : false,
          "direct_meters" : null,
          "action_ids" : [7],
          "actions" : ["main39"],
          "base_default_next" : null,
          "next_tables" : {
            "main39" : null
          },
          "default_entry" : {
            "action_id" : 7,
            "action_const" : true,
            "action_data" : [],
            "action_entry_const" : true
          }
        }
      ],
      "action_profiles" : [],
      "conditionals" : [
        {
          "name" : "node_3",
          "id" : 0,
          "source_info" : {
            "filename" : "main.p4",
            "line" : 30,
            "column" : 11,
            "source_fragment" : "!hdr.gtp_header.isValid()"
          },
          "expression" : {
            "type" : "expression",
            "value" : {
              "op" : "not",
              "left" : null,
              "right" : {
                "type" : "expression",
                "value" : {
                  "op" : "d2b",
                  "left" : null,
                  "right" : {
                    "type" : "field",
                    "value" : ["gtp_header", "$valid$"]
                  }
                }
              }
            }
          },
          "true_next" : "ingress.table_add_gtp.table_encap_gtp",
          "false_next" : "ingress.table_rem_gtp.table_decap_gtp"
        },
        {
          "name" : "node_6",
          "id" : 1,
          "source_info" : {
            "filename" : "main.p4",
            "line" : 37,
            "column" : 12,
            "source_fragment" : "local_metadata.int_meta.report == 0x01"
          },
          "expression" : {
            "type" : "expression",
            "value" : {
              "op" : "==",
              "left" : {
                "type" : "field",
                "value" : ["scalars", "userMetadata._int_meta_report0"]
              },
              "right" : {
                "type" : "hexstr",
                "value" : "0x01"
              }
            }
          },
          "false_next" : null,
          "true_next" : "tbl_main39"
        }
      ]
    },
    {
      "name" : "egress",
      "id" : 1,
      "source_info" : {
        "filename" : "main.p4",
        "line" : 45,
        "column" : 8,
        "source_fragment" : "egress"
      },
      "init_table" : "node_10",
      "tables" : [
        {
          "name" : "tbl_int_report93",
          "id" : 4,
          "source_info" : {
            "filename" : "include/int_report.p4",
            "line" : 93,
            "column" : 13,
            "source_fragment" : "            (standard_metadata.instance_type == BMV2_V1MODEL_INSTANCE_TYPE_INGRESS_CLONE) : exact @name(\\\"report_is_true\\\");"
          },
          "key" : [],
          "match_type" : "exact",
          "type" : "simple",
          "max_size" : 1024,
          "with_counters" : false,
          "support_timeout" : false,
          "direct_meters" : null,
          "action_ids" : [10],
          "actions" : ["int_report93"],
          "base_default_next" : "egress.process_int_report.tb_generate_report",
          "next_tables" : {
            "int_report93" : "egress.process_int_report.tb_generate_report"
          },
          "default_entry" : {
            "action_id" : 10,
            "action_const" : true,
            "action_data" : [],
            "action_entry_const" : true
          }
        },
        {
          "name" : "egress.process_int_report.tb_generate_report",
          "id" : 5,
          "source_info" : {
            "filename" : "include/int_report.p4",
            "line" : 91,
            "column" : 10,
            "source_fragment" : "tb_generate_report"
          },
          "key" : [
            {
              "match_type" : "exact",
              "name" : "report_is_true",
              "target" : ["scalars", "key_0"],
              "mask" : null
            },
            {
              "match_type" : "exact",
              "name" : "hdr.ipv4.dst_addr",
              "target" : ["ipv4", "dst_addr"],
              "mask" : null
            }
          ],
          "match_type" : "exact",
          "type" : "simple",
          "max_size" : 1024,
          "with_counters" : false,
          "support_timeout" : false,
          "direct_meters" : null,
          "action_ids" : [9, 8],
          "actions" : ["egress.process_int_report.do_report_encapsulation", "nop"],
          "base_default_next" : null,
          "next_tables" : {
            "egress.process_int_report.do_report_encapsulation" : null,
            "nop" : null
          },
          "default_entry" : {
            "action_id" : 8,
            "action_const" : false,
            "action_data" : [],
            "action_entry_const" : false
          }
        }
      ],
      "action_profiles" : [],
      "conditionals" : [
        {
          "name" : "node_10",
          "id" : 2,
          "source_info" : {
            "filename" : "main.p4",
            "line" : 52,
            "column" : 10,
            "source_fragment" : "standard_metadata.instance_type == BMV2_V1MODEL_INSTANCE_TYPE_INGRESS_CLONE"
          },
          "expression" : {
            "type" : "expression",
            "value" : {
              "op" : "==",
              "left" : {
                "type" : "field",
                "value" : ["standard_metadata", "instance_type"]
              },
              "right" : {
                "type" : "hexstr",
                "value" : "0x00000001"
              }
            }
          },
          "false_next" : null,
          "true_next" : "tbl_int_report93"
        }
      ]
    }
  ],
  "checksums" : [
    {
      "name" : "cksum",
      "id" : 0,
      "source_info" : {
        "filename" : "include/checksums.p4",
        "line" : 17,
        "column" : 8,
        "source_fragment" : "update_checksum(hdr.ipv4.isValid(), ..."
      },
      "target" : ["ipv4", "hdr_checksum"],
      "type" : "generic",
      "calculation" : "calc",
      "verify" : false,
      "update" : true,
      "if_cond" : {
        "type" : "expression",
        "value" : {
          "op" : "d2b",
          "left" : null,
          "right" : {
            "type" : "field",
            "value" : ["ipv4", "$valid$"]
          }
        }
      }
    },
    {
      "name" : "cksum_0",
      "id" : 1,
      "source_info" : {
        "filename" : "include/checksums.p4",
        "line" : 37,
        "column" : 8,
        "source_fragment" : "update_checksum(hdr.internal_ipv4.isValid(), ..."
      },
      "target" : ["internal_ipv4", "hdr_checksum"],
      "type" : "generic",
      "calculation" : "calc_0",
      "verify" : false,
      "update" : true,
      "if_cond" : {
        "type" : "expression",
        "value" : {
          "op" : "d2b",
          "left" : null,
          "right" : {
            "type" : "field",
            "value" : ["internal_ipv4", "$valid$"]
          }
        }
      }
    }
  ],
  "force_arith" : [],
  "extern_instances" : [],
  "field_aliases" : [
    [
      "queueing_metadata.enq_timestamp",
      ["standard_metadata", "enq_timestamp"]
    ],
    [
      "queueing_metadata.enq_qdepth",
      ["standard_metadata", "enq_qdepth"]
    ],
    [
      "queueing_metadata.deq_timedelta",
      ["standard_metadata", "deq_timedelta"]
    ],
    [
      "queueing_metadata.deq_qdepth",
      ["standard_metadata", "deq_qdepth"]
    ],
    [
      "intrinsic_metadata.ingress_global_timestamp",
      ["standard_metadata", "ingress_global_timestamp"]
    ],
    [
      "intrinsic_metadata.egress_global_timestamp",
      ["standard_metadata", "egress_global_timestamp"]
    ],
    [
      "intrinsic_metadata.mcast_grp",
      ["standard_metadata", "mcast_grp"]
    ],
    [
      "intrinsic_metadata.egress_rid",
      ["standard_metadata", "egress_rid"]
    ],
    [
      "intrinsic_metadata.priority",
      ["standard_metadata", "priority"]
    ]
  ],
  "program" : "./main.p4i",
  "__meta__" : {
    "version" : [2, 23],
    "compiler" : "https://github.com/p4lang/p4c"
  }
}