{
  "target": "bmv2",
  "p4info": "build/load_balance.p4.p4info.txt",
  "bmv2_json": "build/load_balance.json",
  "table_entries": [

    {
      "table": "MyEgress.send_frame",
      "match": {
        "standard_metadata.egress_port": 2
      },
      "action_name": "MyEgress.rewrite_mac",
      "action_params": {
        "smac": "00:00:00:01:02:00"
      }
    },
    {
      "table": "MyEgress.send_frame",
      "match": {
        "standard_metadata.egress_port": 3
      },
      "action_name": "MyEgress.rewrite_mac",
      "action_params": {
        "smac": "00:00:00:01:03:00"
      }
    },

    {
	    "table": "MyIngress.next_hop_exact",
	    "match": {
        "hdr.ipv4.dstAddr": "10.0.10.10"
	    },
	    "action_name": "MyIngress.set_nhop",
	    "action_params": {
        "base": 0,
        "count": 2
      }
    },
    {
	   "table": "MyIngress.dst_ip_egress_port_exact",
	   "match": {
       "meta.nhop": 0
	   },
	   "action_name": "MyIngress.set_ip_egress",
	   "action_params": {
       "ip": "10.0.2.2",
       "port": 2
     }
   },
   {
    "table": "MyIngress.dst_ip_egress_port_exact",
    "match": {
      "meta.nhop": 1
    },
    "action_name": "MyIngress.set_ip_egress",
    "action_params": {
      "ip": "10.0.3.3",
      "port": 3
    }
   }
  ]
}
