{
  "target": "bmv2",
  "p4info": "build/acl.p4.p4info.txt",
  "bmv2_json": "build/acl.json",
  "table_entries": [
    {
      "table": "MyIngress.ipv4_lpm",
      "default_action": true,
      "action_name": "MyIngress.drop",
      "action_params": { }
    },
    {
      "table": "MyIngress.ipv4_lpm",
      "match": {
        "hdr.ipv4.dstAddr": ["10.0.1.1", 32]
      },
      "action_name": "MyIngress.ipv4_forward",
      "action_params": {
        "dstAddr": "00:00:00:00:01:01",
        "port": 1
      }
    },
    {
      "table": "MyIngress.ipv4_lpm",
      "match": {
        "hdr.ipv4.dstAddr": ["10.0.2.2", 32]
      },
      "action_name": "MyIngress.ipv4_forward",
      "action_params": {
        "dstAddr": "00:00:00:00:02:02",
        "port": 2
      }
    },
    {
      "table": "MyIngress.ipv4_lpm",
      "match": {
        "hdr.ipv4.dstAddr": ["10.0.3.3", 32]
      },
      "action_name": "MyIngress.ipv4_forward",
      "action_params": {
        "dstAddr": "00:00:00:00:03:03",
        "port": 3
      }
    },
    {
      "table": "MyIngress.ipv4_lpm",
      "match": {
        "hdr.ipv4.dstAddr": ["10.0.4.4", 32]
      },
      "action_name": "MyIngress.ipv4_forward",
      "action_params": {
        "dstAddr": "00:00:00:00:04:04",
        "port": 4
      }
    },
    
    {
      "table": "MyIngress.acl_ternary",
      "match": {
        "hdr.udp.dstPort": [80, 65535]
      },
      "priority": 100,
      "action_name": "MyIngress.drop",
      "action_params": { }
    },
    {
      "table": "MyIngress.acl_ternary",
      "match": {
        "hdr.ipv4.dstAddr": ["10.0.1.4", 4294967295]
      },
      "priority": 100,
      "action_name": "MyIngress.drop",
      "action_params": { }
    }	
  ]
}
